{"modelTopology":{"class_name":"Sequential","config":{"name":"sequential_1","layers":[{"class_name":"InputLayer","config":{"batch_input_shape":[null,1280],"dtype":"float32","sparse":false,"name":"input1"}},{"class_name":"Dropout","config":{"rate":0.2,"noise_shape":null,"seed":null,"name":"dropout_Dropout1","trainable":true}},{"class_name":"Dense","config":{"units":80,"activation":"gelu","use_bias":true,"kernel_initializer":{"class_name":"VarianceScaling","config":{"scale":1,"mode":"fan_avg","distribution":"normal","seed":null}},"bias_initializer":{"class_name":"Zeros","config":{}},"kernel_regularizer":null,"bias_regularizer":null,"activity_regularizer":null,"kernel_constraint":null,"bias_constraint":null,"name":"dense_Dense1","trainable":true}},{"class_name":"Dense","config":{"units":5,"activation":"softmax","use_bias":true,"kernel_initializer":{"class_name":"VarianceScaling","config":{"scale":1,"mode":"fan_avg","distribution":"normal","seed":null}},"bias_initializer":{"class_name":"Zeros","config":{}},"kernel_regularizer":null,"bias_regularizer":null,"activity_regularizer":null,"kernel_constraint":null,"bias_constraint":null,"name":"dense_Dense2","trainable":true}}]},"keras_version":"tfjs-layers 4.22.0","backend":"tensor_flow.js"},"format":"layers-model","generatedBy":"TensorFlow.js tfjs-layers v4.22.0","convertedBy":null,"weightData":{},"weightSpecs":[{"name":"dense_Dense1/kernel","shape":[1280,80],"dtype":"float32"},{"name":"dense_Dense1/bias","shape":[80],"dtype":"float32"},{"name":"dense_Dense2/kernel","shape":[80,5],"dtype":"float32"},{"name":"dense_Dense2/bias","shape":[5],"dtype":"float32"}],"classNames":["Food","Funny","Nail","Others","Travel"]}